train_loss,val_loss,val_acc
0.8183110513952043,0.7795447941422462,0.6635
0.7078310417764717,0.7816236326098442,0.66725
0.616944398396545,0.8013296318650246,0.668625
