train_loss,val_loss,val_acc
0.5283077911916354,0.34237738978117704,0.856
0.2685104980668489,0.27566967252641916,0.9
0.18037053753773793,0.30372279742732644,0.89
