train_loss,val_loss,val_acc
0.2482695143715375,0.22466562942042947,0.911
0.14146204177900734,0.22703511948976665,0.913
0.0774823521833039,0.25629180335626006,0.913
