train_loss,val_loss,val_acc
0.08195787519598122,0.05370609860308468,0.926
0.05002196308052064,0.0687597443847917,0.915
0.032744860632062125,0.07131341915251688,0.92
