train_loss,val_loss,val_acc
0.08154343767670606,0.048295598713651536,0.936
0.04355910103553062,0.049343844461772174,0.935
0.026634496370644547,0.05659282542321654,0.933
