train_loss,val_loss,val_acc
0.07862117562043325,0.04959286854043603,0.931
0.042249644586622406,0.04905032619088888,0.932
0.02550523578953127,0.06416360856033862,0.931
