train_loss,val_loss,val_acc
0.08062890207011861,0.04675844116718508,0.932
0.04248422122946841,0.048245313577353954,0.945
0.0276900063510753,0.06998324245796539,0.92
