train_loss,val_loss,val_acc,lr
0.3194303115561843,0.20502301367620626,0.926,1.469310670443815e-05
0.1709563522525198,0.2536059660090518,0.934,5.306893295561851e-06
