train_loss,val_loss,val_acc
0.8423343602021536,0.7742350813746453,0.661875
0.7491641131573253,0.7769706312417984,0.66175
0.6883776459892591,0.7849193635880947,0.656
